id;numero_documento;email;comentarios;fecha_respuesta
1;58342;Javier.Gaytn86@gmail.com;Blanco cutting-edge Galicia;2023-04-24T13:48:06
2;71597;Ral.Holgun@yahoo.com;Borders;2023-04-24T18:42:22
3;51987;Dorotea.Castellanos37@hotmail.com;navigating;2023-04-24T21:25:29
4;52939;Natalia_Jquez@yahoo.com;Hormigon Pakistan Cuban;2023-04-24T19:32:05
5;93093;Esperanza_Fajardo81@gmail.com;card Loan microchip;2023-04-24T15:45:18
6;65222;Elsa.Garrido@gmail.com;Blanco port Ingenier√≠a;2023-04-24T14:48:45
7;84687;MarcoAntonio_Carvajal@yahoo.com;Azul;2023-04-24T21:17:08
8;35230;Reina.Ferrer@gmail.com;distributed;2023-04-24T10:45:53
9;98287;Marisol_Mares@yahoo.com;Berkshire Directo bandwidth;2023-04-24T07:47:02
10;37119;Elena.Molina@gmail.com;indexing;2023-04-24T11:42:34
